import_id,manufacturer_import_id,name,normalized_name,source_key
1,1,Integra,INTEGRA,1
2,1,Legend,LEGEND,2
3,1,NSX,NSX,3
4,2,MARRUÁ,MARRUA,4
5,3,145,145,5
6,3,147,147,9
7,3,155,155,10
8,3,156,156,12
9,3,164,164,16
10,3,166,166,18
11,3,2300,2300,19
12,3,Spider,SPIDER,20
13,4,Hummer,HUMMER,21
14,5,AM-825,AM-825,24
15,5,Hi-Topic,HI-TOPIC,26
16,5,Jipe,JIPE,29
17,5,Topic,TOPIC,30
18,5,Towner,TOWNER,33
19,6,100,100,43
20,6,80,80,46
21,6,A3,A3,52
22,6,A4,A4,68
23,6,A6,A6,100
24,6,A8,A8,126
25,6,Allroad,ALLROAD,128
26,6,Avant,AVANT,129
27,6,RS4,RS4,130
28,6,RS6,RS6,131
29,6,S3,S3,133
30,6,S4,S4,134
31,6,S6,S6,138
32,6,S8,S8,145
33,6,TT,TT,149
34,7,120i,120I,152
35,7,120iA,120IA,153
36,7,316,316,154
37,7,318i,318I,155
38,7,318i/iA,318I/IA,156
39,7,318iS/ISA,318IS/ISA,158
40,7,318Ti,318TI,159
41,7,318Ti/TiA,318TI/TIA,160
42,7,320i,320I,161
43,7,320iA,320IA,162
44,7,323Ci,323CI,163
45,7,323CiA,323CIA,164
46,7,323i,323I,165
47,7,323iA,323IA,169
48,7,323i/iA,323I/IA,172
49,7,323Ti,323TI,176
50,7,323TiA,323TIA,178
51,7,325i,325I,179
52,7,325i/iA,325I/IA,180
53,7,325iA,325IA,181
54,7,328i,328I,184
55,7,328i/iA,328I/IA,186
56,7,328iA,328IA,189
57,7,330Ci,330CI,191
58,7,330CiA,330CIA,192
59,7,330i,330I,193
60,7,330iA,330IA,194
61,7,520i,520I,196
62,7,525i/iA,525I/IA,197
63,7,528i/iA,528I/IA,199
64,7,528iA,528IA,200
65,7,530i/iA,530I/IA,202
66,7,535i/iA,535I/IA,204
67,7,540i,540I,205
68,7,540i/iA,540I/IA,206
69,7,540iA,540IA,207
70,7,540iTA,540ITA,210
71,7,545iA,545IA,211
72,7,645iA,645IA,212
73,7,730i,730I,213
74,7,730iA,730IA,214
75,7,735i/iA,735I/IA,215
76,7,740i,740I,216
77,7,740iA,740IA,217
78,7,740iL/iLA,740IL/ILA,218
79,7,740iLA,740ILA,219
80,7,745iA,745IA,220
81,7,750i,750I,221
82,7,750iA,750IA,222
83,7,750iL,750IL,223
84,7,760iL,760IL,224
85,7,840Ci,840CI,225
86,7,840CiA,840CIA,226
87,7,850Ci/CiA,850CI/CIA,227
88,7,850CSi,850CSI,229
89,7,850i,850I,230
90,7,M,M,231
91,7,M3,M3,232
92,7,M5,M5,236
93,7,M6,M6,238
94,7,X3,X3,239
95,7,X5,X5,242
96,7,Z3,Z3,246
97,7,Z4,Z4,251
98,7,Z8,Z8,253
99,8,Buggy/M-8/M-8,BUGGY/M-8/M-8,254
100,8,Buggy,BUGGY,255
101,9,Deville/Eldorado,DEVILLE/ELDORADO,258
102,9,Seville,SEVILLE,259
103,10,Javali,JAVALI,260
104,11,300,300,261
105,11,Caravan,CARAVAN,262
106,11,Cirrus,CIRRUS,265
107,11,Grand,GRAND,266
108,11,LE,LE,270
109,11,Neon,NEON,272
110,11,PT,PT,275
111,11,Sebring,SEBRING,277
112,11,Stratus,STRATUS,278
113,11,Vision,VISION,282
114,12,AX,AX,283
115,12,Berlingo,BERLINGO,284
116,12,BX,BX,287
117,12,C3,C3,289
118,12,C5,C5,293
119,12,C8,C8,298
120,12,Evasion,EVASION,299
121,12,Jumper,JUMPER,301
122,12,Xantia,XANTIA,305
123,12,XM,XM,319
124,12,Xsara,XSARA,323
125,12,ZX,ZX,352
126,13,CL-244,CL-244,357
127,14,Espero,ESPERO,358
128,14,Lanos,LANOS,360
129,14,Leganza,LEGANZA,363
130,14,Nubira,NUBIRA,365
131,14,Prince,PRINCE,369
132,14,Racer,RACER,370
133,14,Super,SUPER,371
134,14,Tico,TICO,372
135,15,Applause,APPLAUSE,373
136,15,Charade,CHARADE,375
137,15,Cuore,CUORE,380
138,15,Feroza,FEROZA,383
139,15,Gran,GRAN,385
140,15,Move,MOVE,386
141,15,Terios,TERIOS,387
142,16,Avenger,AVENGER,388
143,16,Dakota,DAKOTA,389
144,16,Intrepid,INTREPID,393
145,16,Ram,RAM,406
146,16,Stealth,STEALTH,410
147,17,Engesa,ENGESA,411
148,18,Camper,CAMPER,413
149,18,Master,MASTER,416
150,19,348,348,417
151,19,355,355,420
152,19,360,360,427
153,19,456,456,432
154,19,550,550,435
155,19,575M,575M,436
156,20,147,147,437
157,20,Brava,BRAVA,440
158,20,Bravo,BRAVO,443
159,20,Cinquecento,CINQUECENTO,444
160,20,Coupe,COUPE,445
161,20,Doblo,DOBLO,446
162,20,Ducato,DUCATO,453
163,20,Ducato-10,DUCATO-10,463
164,20,Ducato-15,DUCATO-15,464
165,20,Ducato-8,DUCATO-8,466
166,20,Duna,DUNA,467
167,20,Elba,ELBA,468
168,20,Fiorino,FIORINO,472
169,20,Idea,IDEA,480
170,20,Marea,MAREA,482
171,20,Oggi,OGGI,504
172,20,Palio,PALIO,505
173,20,Panorama,PANORAMA,566
174,20,Premio,PREMIO,567
175,20,Punto,PUNTO,572
176,20,Siena,SIENA,576
177,20,Stilo,STILO,596
178,20,Strada,STRADA,600
179,20,Strada/,STRADA/,616
180,20,Tempra,TEMPRA,618
181,20,Tipo,TIPO,630
182,20,Uno,UNO,634
183,21,Aerostar,AEROSTAR,655
184,21,Aspire,ASPIRE,656
185,21,Belina,BELINA,657
186,21,Club,CLUB,659
187,21,Contour,CONTOUR,661
188,21,Corcel,CORCEL,663
189,21,Courier,COURIER,665
190,21,Crown,CROWN,671
191,21,Del,DEL,672
192,21,EcoSport,ECOSPORT,679
193,21,Escort,ESCORT,685
194,21,Expedition,EXPEDITION,710
195,21,Explorer,EXPLORER,711
196,21,F-100,F-100,718
197,21,F-1000,F-1000,723
198,21,F-150,F-150,751
199,21,F-250,F-250,755
200,21,Fiesta,FIESTA,770
201,21,Focus,FOCUS,796
202,21,Furglaine,FURGLAINE,808
203,21,Ibiza,IBIZA,811
204,21,KA,KA,813
205,21,Mondeo,MONDEO,824
206,21,Mustang,MUSTANG,837
207,21,Pampa,PAMPA,842
208,21,Probe,PROBE,848
209,21,Ranger,RANGER,850
210,21,Royale,ROYALE,904
211,21,Taurus,TAURUS,907
212,21,Thunderbird,THUNDERBIRD,912
213,21,Verona,VERONA,913
214,21,Versailles,VERSAILLES,921
215,21,Windstar,WINDSTAR,924
216,22,A-10,A-10,926
217,22,A-20,A-20,928
218,22,Astra,ASTRA,931
219,22,Blazer,BLAZER,964
220,22,Bonanza,BONANZA,967
221,22,Brasinca,BRASINCA,969
222,22,C-10,C-10,971
223,22,C-20,C-20,975
224,22,Calibra,CALIBRA,979
225,22,Camaro,CAMARO,980
226,22,Caprice,CAPRICE,983
227,22,Caravan,CARAVAN,986
228,22,Cavalier,CAVALIER,989
229,22,Celta,CELTA,991
230,22,Chevette,CHEVETTE,1009
231,22,Chevy,CHEVY,1011
232,22,Cheynne,CHEYNNE,1012
233,22,Corsa,CORSA,1013
234,22,Corvette,CORVETTE,1068
235,22,D-10,D-10,1070
236,22,D-20,D-20,1072
237,22,Ipanema,IPANEMA,1078
238,22,Kadett,KADETT,1081
239,22,Lumina,LUMINA,1088
240,22,Marajo,MARAJO,1089
241,22,Meriva,MERIVA,1090
242,22,MONTANA,MONTANA,1096
243,22,Monza,MONZA,1099
244,22,Omega,OMEGA,1107
245,22,Opala,OPALA,1114
246,22,S10,S10,1117
247,22,Saturn,SATURN,1171
248,22,Sierra,SIERRA,1172
249,22,Silverado,SILVERADO,1174
250,22,Sonoma,SONOMA,1192
251,22,SpaceVan,SPACEVAN,1193
252,22,SS10,SS10,1197
253,22,Suburban,SUBURBAN,1198
254,22,Suprema,SUPREMA,1199
255,22,Syclone,SYCLONE,1204
256,22,Tigra,TIGRA,1205
257,22,TRACKER,TRACKER,1207
258,22,Trafic,TRAFIC,1208
259,22,Vectra,VECTRA,1213
260,22,Veraneio,VERANEIO,1226
261,22,Zafira,ZAFIRA,1228
262,23,BR-800,BR-800,1238
263,23,Carajas,CARAJAS,1239
264,23,Carajas/Tocantis/Xavante/Vip,CARAJAS/TOCANTIS/XAVANTE/VIP,1240
265,24,Accord,ACCORD,1241
266,24,Civic,CIVIC,1248
267,24,CR-V,CR-V,1270
268,24,Fit,FIT,1273
269,24,Odyssey,ODYSSEY,1279
270,24,Passport,PASSPORT,1281
271,24,Prelude,PRELUDE,1284
272,25,Accent,ACCENT,1286
273,25,Atos,ATOS,1291
274,25,Coupe,COUPE,1295
275,25,Cupê,CUPE,1299
276,25,Elantra,ELANTRA,1300
277,25,Excel,EXCEL,1306
278,25,Galloper,GALLOPER,1310
279,25,H1,H1,1315
280,25,H100,H100,1318
281,25,HR,HR,1328
282,25,Matrix,MATRIX,1329
283,25,Porter,PORTER,1331
284,25,Santa,SANTA,1333
285,25,Scoupe,SCOUPE,1334
286,25,Sonata,SONATA,1335
287,25,Terracan,TERRACAN,1340
288,25,Trajet,TRAJET,1343
289,25,Tucson,TUCSON,1344
290,26,Amigo,AMIGO,1348
291,26,Hombre,HOMBRE,1349
292,26,Rodeo,RODEO,1350
293,27,Daimler,DAIMLER,1351
294,27,S-Type,S-TYPE,1352
295,27,XJ,XJ,1355
296,27,XJ-12,XJ-12,1356
297,27,XJ-6,XJ-6,1358
298,27,XJ-8,XJ-8,1359
299,27,XJR,XJR,1363
300,27,XJS,XJS,1364
301,27,XJS-C,XJS-C,1365
302,27,XK-8,XK-8,1366
303,27,X-Type,X-TYPE,1368
304,28,Cherokee,CHEROKEE,1371
305,28,Grand,GRAND,1376
306,28,Wrangler,WRANGLER,1384
307,29,Jipe,JIPE,1385
308,29,Picape,PICAPE,1389
309,30,Besta,BESTA,1390
310,30,Bongo,BONGO,1399
311,30,Carens,CARENS,1403
312,30,Carnival,CARNIVAL,1405
313,30,Ceres,CERES,1407
314,30,Clarus,CLARUS,1408
315,30,Opirus,OPIRUS,1412
316,30,Sephia,SEPHIA,1413
317,30,Shuma,SHUMA,1418
318,30,Sorento,SORENTO,1420
319,30,Sportage,SPORTAGE,1424
320,31,Laika,LAIKA,1436
321,31,Niva,NIVA,1439
322,31,Samara,SAMARA,1442
323,32,Defender,DEFENDER,1443
324,32,Discovery,DISCOVERY,1458
325,32,Discovery3,DISCOVERY3,1463
326,32,Freelander,FREELANDER,1467
327,32,New,NEW,1471
328,32,Range,RANGE,1472
329,33,ES-300,ES-300,1474
330,33,ES-330,ES-330,1475
331,33,GS,GS,1476
332,33,LS,LS,1477
333,33,RX,RX,1479
334,33,SC,SC,1480
335,34,Elan,ELAN,1481
336,34,Esprit,ESPRIT,1482
337,35,222,222,1483
338,35,228,228,1484
339,35,3200,3200,1485
340,35,430,430,1487
341,35,Coupé,COUPE,1489
342,35,Ghibli,GHIBLI,1490
343,35,Quattroporte,QUATTROPORTE,1491
344,35,Shamal,SHAMAL,1495
345,35,Spyder,SPYDER,1496
346,36,Pick-Up,PICK-UP,1498
347,37,323,323,1502
348,37,626,626,1503
349,37,929,929,1511
350,37,B2200,B2200,1512
351,37,B-2500,B-2500,1514
352,37,Millenia,MILLENIA,1517
353,37,MPV,MPV,1518
354,37,MX-3,MX-3,1519
355,37,MX-5,MX-5,1521
356,37,Navajo,NAVAJO,1522
357,37,Protegé,PROTEGE,1523
358,37,RX,RX,1526
359,38,180-D,180-D,1527
360,38,190-E,190-E,1529
361,38,230-E,230-E,1530
362,38,260-E,260-E,1531
363,38,300-D,300-D,1532
364,38,300-E,300-E,1533
365,38,300-SE,300-SE,1534
366,38,300-SL,300-SL,1535
367,38,300-TE,300-TE,1536
368,38,500-E,500-E,1537
369,38,500-SEC/,500-SEC/,1538
370,38,500-SEL,500-SEL,1539
371,38,560-SEL,560-SEL,1540
372,38,C-180,C-180,1541
373,38,C-200,C-200,1543
374,38,C-220,C-220,1547
375,38,C-230,C-230,1548
376,38,C-240,C-240,1552
377,38,C-280,C-280,1556
378,38,C-320,C-320,1559
379,38,C-36,C-36,1562
380,38,C-43,C-43,1563
381,38,CL-500,CL-500,1564
382,38,CL-600,CL-600,1565
383,38,Classe,CLASSE,1566
384,38,Classic,CLASSIC,1577
385,38,CLK-230,CLK-230,1578
386,38,CLK-320,CLK-320,1580
387,38,CLK-430,CLK-430,1586
388,38,CLK-500,CLK-500,1591
389,38,CLK-55,CLK-55,1593
390,38,CLS-500,CLS-500,1595
391,38,E-190,E-190,1596
392,38,E-200,E-200,1598
393,38,E-220,E-220,1599
394,38,E-230,E-230,1600
395,38,E-240,E-240,1601
396,38,E-280,E-280,1602
397,38,E-320,E-320,1604
398,38,E-350,E-350,1611
399,38,E-420,E-420,1612
400,38,E-430,E-430,1614
401,38,E-500,E-500,1617
402,38,E-55,E-55,1619
403,38,ML-230,ML-230,1621
404,38,ML-320,ML-320,1622
405,38,ML-350,ML-350,1623
406,38,ML-430,ML-430,1624
407,38,ML-500,ML-500,1625
408,38,ML-55,ML-55,1626
409,38,S-320,S-320,1627
410,38,S-420,S-420,1628
411,38,S-500,S-500,1629
412,38,S-500L,S-500L,1632
413,38,S-55,S-55,1633
414,38,S-600,S-600,1634
415,38,S-600/,S-600/,1635
416,38,SE-500,SE-500,1636
417,38,SL-280,SL-280,1637
418,38,SL-320,SL-320,1638
419,38,SL-500,SL-500,1639
420,38,SL-55,SL-55,1640
421,38,SL-600,SL-600,1641
422,38,SLK-200,SLK-200,1642
423,38,SLK-230,SLK-230,1643
424,38,SLK-320,SLK-320,1645
425,38,SLK-350,SLK-350,1646
426,38,SLK-55,SLK-55,1647
427,38,Sprinter,SPRINTER,1648
428,39,Mystique,MYSTIQUE,1695
429,39,Sable,SABLE,1696
430,40,3000,3000,1697
431,40,Airtrek,AIRTREK,1699
432,40,Colt,COLT,1700
433,40,Diamant,DIAMANT,1702
434,40,Eclipse,ECLIPSE,1703
435,40,Expo,EXPO,1707
436,40,Galant,GALANT,1709
437,40,GRANDIS,GRANDIS,1713
438,40,L200,L200,1714
439,40,L300,L300,1729
440,40,Lancer,LANCER,1731
441,40,Mirage,MIRAGE,1737
442,40,Montero,MONTERO,1740
443,40,Pajero,PAJERO,1741
444,40,Space,SPACE,1776
445,41,Picape,PICAPE,1780
446,42,350Z,350Z,1781
447,42,Altima,ALTIMA,1782
448,42,AX,AX,1784
449,42,D-21,D-21,1785
450,42,Frontier,FRONTIER,1787
451,42,Infinit,INFINIT,1797
452,42,King-Cab,KING-CAB,1798
453,42,Maxima,MAXIMA,1799
454,42,Micra,MICRA,1805
455,42,NX,NX,1806
456,42,Pathfinder,PATHFINDER,1808
457,42,Pick-Up,PICK-UP,1817
458,42,Primera,PRIMERA,1820
459,42,Quest,QUEST,1821
460,42,Sentra,SENTRA,1823
461,42,Stanza,STANZA,1826
462,42,SX,SX,1827
463,42,Terrano,TERRANO,1828
464,42,XTerra,XTERRA,1830
465,42,X-TRAIL,X-TRAIL,1832
466,42,ZX,ZX,1833
467,43,106,106,1834
468,43,205,205,1844
469,43,206,206,1848
470,43,306,306,1875
471,43,307,307,1895
472,43,405,405,1906
473,43,406,406,1913
474,43,407,407,1928
475,43,504,504,1932
476,43,505,505,1934
477,43,605,605,1935
478,43,607,607,1939
479,43,806,806,1940
480,43,807,807,1942
481,43,Boxer,BOXER,1943
482,43,Partner,PARTNER,1948
483,44,Gran,GRAN,1950
484,44,Sundance,SUNDANCE,1951
485,45,Trans-AM,TRANS-AM,1952
486,45,Trans-Sport,TRANS-SPORT,1953
487,46,911,911,1954
488,46,928,928,1976
489,46,968,968,1977
490,46,Boxster,BOXSTER,1979
491,46,Cayenne,CAYENNE,1983
492,47,19,19,1986
493,47,21,21,1990
494,47,Clio,CLIO,1994
495,47,Express,EXPRESS,2030
496,47,Kangoo,KANGOO,2031
497,47,Laguna,LAGUNA,2042
498,47,Master,MASTER,2048
499,47,Megane,MEGANE,2058
500,47,Safrane,SAFRANE,2067
501,47,Scénic,SCENIC,2068
502,47,Trafic,TRAFIC,2084
503,47,Twingo,TWINGO,2088
504,48,Mini,MINI,2094
505,49,9000,9000,2095
506,50,SL-2,SL-2,2096
507,51,Cordoba,CORDOBA,2097
508,51,Ibiza,IBIZA,2100
509,51,Inca,INCA,2104
510,52,Forester,FORESTER,2125
511,52,Impreza,IMPREZA,2129
512,52,Legacy,LEGACY,2144
513,52,Outback,OUTBACK,2159
514,52,SVX,SVX,2162
515,52,Vivio,VIVIO,2163
516,53,Baleno,BALENO,2164
517,53,Grand,GRAND,2167
518,53,Ignis,IGNIS,2183
519,53,Jimny,JIMNY,2186
520,53,Samurai,SAMURAI,2187
521,53,Sidekick,SIDEKICK,2189
522,53,Super,SUPER,2191
523,53,Swift,SWIFT,2192
524,53,Vitara,VITARA,2198
525,53,Wagon,WAGON,2203
526,54,Avalon,AVALON,2204
527,54,Band.,BAND.,2205
528,54,Band.Jipe,BAND.JIPE,2206
529,54,Band.Picape,BAND.PICAPE,2209
530,54,Camry,CAMRY,2213
531,54,Celica,CELICA,2217
532,54,Corolla,COROLLA,2219
533,54,Corona,CORONA,2235
534,54,Hilux,HILUX,2238
535,54,Land,LAND,2278
536,54,MR-2,MR-2,2281
537,54,Paseo,PASEO,2282
538,54,Previa,PREVIA,2283
539,54,RAV4,RAV4,2285
540,54,Supra,SUPRA,2287
541,54,T-100,T-100,2288
542,55,RF,RF,2289
543,55,T-4,T-4,2292
544,56,440,440,2296
545,56,460,460,2297
546,56,850,850,2298
547,56,940,940,2306
548,56,960,960,2307
549,56,C70,C70,2308
550,56,S40,S40,2310
551,56,S60,S60,2321
552,56,S70,S70,2326
553,56,S80,S80,2331
554,56,V40,V40,2337
555,56,V50,V50,2345
556,56,V70,V70,2347
557,56,XC,XC,2356
558,57,Apolo,APOLO,2359
559,57,Bora,BORA,2361
560,57,Caravelle,CARAVELLE,2365
561,57,Corrado,CORRADO,2366
562,57,CROSSFOX,CROSSFOX,2368
563,57,Eurovan,EUROVAN,2369
564,57,Fox,FOX,2370
565,57,Fusca,FUSCA,2380
566,57,Gol,GOL,2381
567,57,Golf,GOLF,2437
568,57,Grand,GRAND,2456
569,57,JETTA,JETTA,2457
570,57,Kombi,KOMBI,2458
571,57,Logus,LOGUS,2466
572,57,New,NEW,2472
573,57,Parati,PARATI,2473
574,57,Passat,PASSAT,2503
575,57,Pointer,POINTER,2523
576,57,Polo,POLO,2527
577,57,Quantum,QUANTUM,2538
578,57,Santana,SANTANA,2545
579,57,Saveiro,SAVEIRO,2553
580,57,TOUAREG,TOUAREG,2569
581,57,Van,VAN,2570
582,57,VOYAGE,VOYAGE,2571
583,38,C-350,C-350,3802
584,38,CLS-55,CLS-55,3803
585,19,F430,F430,3812
586,38,C-55,C-55,3827
587,7,130i,130I,3879
588,7,550iA,550IA,3880
589,38,CLK-350,CLK-350,3895
590,38,CLS-350,CLS-350,3897
591,38,SL-350,SL-350,3899
592,46,Cayman,CAYMAN,3902
593,7,645Ci,645CI,3929
594,19,612,612,3932
595,30,Cerato,CERATO,3936
596,13,CL-330,CL-330,3964
597,55,PANTANAL,PANTANAL,3978
598,58,Buggy,BUGGY,3998
599,57,SPACEFOX,SPACEFOX,4007
600,59,Buggy,BUGGY,4053
601,21,Fusion,FUSION,4061
602,35,GranSport,GRANSPORT,4062
603,60,Chairman,CHAIRMAN,4099
604,60,Istana,ISTANA,4100
605,60,Korando,KORANDO,4101
606,60,Musso,MUSSO,4106
607,60,Rexton,REXTON,4115
608,30,Magentis,MAGENTIS,4121
609,7,650iA,650IA,4125
610,7,650Ci,650CI,4126
611,28,Commander,COMMANDER,4139
612,30,Picanto,PICANTO,4141
613,12,C4,C4,4159
614,6,Q7,Q7,4184
615,22,PRISMA,PRISMA,4188
616,38,CLS-63,CLS-63,4191
617,42,MURANO,MURANO,4193
618,7,130iA,130IA,4199
619,38,E-63,E-63,4245
620,38,GL-500,GL-500,4250
621,33,ES-350,ES-350,4260
622,38,S-65,S-65,4261
623,7,335iA,335IA,4272
624,61,H1,H1,4277
625,19,F599,F599,4289
626,32,Freelander2,FREELANDER2,4303
627,38,ML-63,ML-63,4318
628,56,C30,C30,4319
629,12,C6,C6,4328
630,25,VERACRUZ,VERACRUZ,4384
631,47,LOGAN,LOGAN,4387
632,62,Cargo,CARGO,4392
633,62,Family,FAMILY,4395
634,62,Utility,UTILITY,4396
635,60,Kyron,KYRON,4401
636,25,AZERA,AZERA,4403
637,42,TIIDA,TIIDA,4404
638,40,OUTLANDER,OUTLANDER,4411
639,27,XKR,XKR,4437
640,63,SCORPIO,SCORPIO,4500
641,47,SANDERO,SANDERO,4504
642,38,CL-63,CL-63,4516
643,38,S-63,S-63,4517
644,60,ACTYON,ACTYON,4535
645,11,TOWN,TOWN,4623
646,64,M-100,M-100,4637
647,64,ULC,ULC,4638
648,65,Buggy,BUGGY,4659
649,38,C-63,C-63,4663
650,52,TRIBECA,TRIBECA,4688
651,35,GranTurismo,GRANTURISMO,4695
652,38,SL-63,SL-63,4701
653,38,SL-65,SL-65,4702
654,27,XF,XF,4704
655,43,207,207,4718
656,16,JOURNEY,JOURNEY,4732
657,22,CAPTIVA,CAPTIVA,4734
658,7,X6,X6,4745
659,20,LINEA,LINEA,4748
660,66,Towner,TOWNER,4771
661,67,HOVER,HOVER,4791
662,6,A5,A5,4798
663,21,EDGE,EDGE,4810
664,38,GLK,GLK,4832
665,21,TRANSIT,TRANSIT,4838
666,68,TOPIC,TOPIC,4851
667,38,CLC,CLC,4856
668,57,EOS,EOS,4857
669,30,MOHAVE,MOHAVE,4863
670,42,LIVINA,LIVINA,4864
671,47,SYMBOL,SYMBOL,4868
672,69,COOPER,COOPER,4892
673,70,fortwo,FORTWO,4902
674,22,Classic,CLASSIC,4924
675,25,i30,I30,4925
676,57,TIGUAN,TIGUAN,4931
677,6,Q5,Q5,4936
678,7,118iA,118IA,4960
679,7,135iA,135IA,4961
680,24,CITY,CITY,4971
681,30,SOUL,SOUL,4977
682,38,C-300,C-300,5002
683,53,SX4,SX4,5005
684,71,Tiggo,TIGGO,5021
685,38,CL-65,CL-65,5032
686,19,California,CALIFORNIA,5058
687,20,500,500,5059
688,22,AGILE,AGILE,5069
689,46,Panamera,PANAMERA,5078
690,72,Way,WAY,5088
691,32,Discovery4,DISCOVERY4,5109
692,6,TTS,TTS,5128
693,27,XFR,XFR,5130
694,38,G-55,G-55,5151
695,7,X1,X1,5158
696,73,Stark,STARK,5192
697,71,CIELO,CIELO,5208
698,71,Face,FACE,5210
699,38,S-400,S-400,5214
700,6,R8,R8,5235
701,43,HOGGAR,HOGGAR,5258
702,57,AMAROK,AMAROK,5261
703,7,535iA,535IA,5267
704,22,MALIBU,MALIBU,5276
705,25,ix35,IX35,5279
706,25,i30cw,I30CW,5303
707,74,550,550,5310
708,12,AIRCROSS,AIRCROSS,5337
709,75,320,320,5346
710,75,620,620,5347
711,76,Buggy,BUGGY,5368
712,77,Gallardo,GALLARDO,5375
713,6,RS5,RS5,5410
714,30,CADENZA,CADENZA,5417
715,40,ASX,ASX,5424
716,43,3008,3008,5427
717,35,GranCabrio,GRANCABRIO,5471
718,6,A1,A1,5496
719,78,J3,J3,5498
720,38,C-250,C-250,5500
721,43,408,408,5504
722,47,FLUENCE,FLUENCE,5509
723,71,QQ,QQ,5534
724,38,E-250,E-250,5538
725,6,A7,A7,5549
726,78,J6,J6,5579
727,74,MG6,MG6,5582
728,7,750iLA,750ILA,5589
729,69,ONE,ONE,5596
730,7,318iA,318IA,5607
731,20,FREEMONT,FREEMONT,5618
732,22,CRUZE,CRUZE,5635
733,25,Veloster,VELOSTER,5640
734,38,SLS-63,SLS-63,5641
735,42,MARCH,MARCH,5643
736,57,SpaceCross,SPACECROSS,5655
737,64,Plutus,PLUTUS,5660
738,64,Start,START,5661
739,43,RCZ,RCZ,5669
740,47,DUSTER,DUSTER,5671
741,42,VERSA,VERSA,5708
742,7,M1,M1,5719
743,22,COBALT,COBALT,5723
744,71,S-18,S-18,5740
745,28,COMPASS,COMPASS,5743
746,79,MINI,MINI,5872
747,43,308,308,5901
748,6,RS3,RS3,5922
749,7,118iA/,118IA/,5923
750,20,Grand,GRAND,5925
751,25,GENESIS,GENESIS,5930
752,78,J5,J5,5933
753,30,OPTIMA,OPTIMA,5934
754,38,SLK-250,SLK-250,5935
755,80,SY1020,SY1020,5980
756,80,SY6390,SY6390,5981
757,6,Q3,Q3,6044
758,12,DS3,DS3,6050
759,22,SONIC,SONIC,6059
760,33,IS-300,IS-300,6066
761,33,LS-460L,LS-460L,6067
762,33,RX-350,RX-350,6068
763,43,508,508,6072
764,6,S5,S5,6087
765,19,F458,F458,6094
766,19,FF,FF,6095
767,22,SPIN,SPIN,6103
768,77,AVENTADOR,AVENTADOR,6110
769,7,116iA,116IA,6146
770,25,EQUUS,EQUUS,6176
771,25,HB20,HB20,6205
772,56,V60,V60,6216
773,22,ONIX,ONIX,6231
774,63,PIK-UP,PIK-UP,6235
775,54,ETIOS,ETIOS,6245
776,6,TTRS,TTRS,6258
777,22,TRAILBLAZER,TRAILBLAZER,6268
778,78,J2,J2,6272
779,12,DS5,DS5,6295
780,33,CT200h,CT200H,6297
781,81,2500,2500,6305
782,82,PICK-UP,PICK-UP,6307
783,16,Durango,DURANGO,6316
784,52,XV,XV,6331
785,54,PRIUS,PRIUS,6332
786,83,DB9,DB9,6340
787,83,Rapide,RAPIDE,6341
788,83,Vantage,VANTAGE,6342
789,83,Virage,VIRAGE,6346
790,12,DS4,DS4,6347
791,84,AUMARK,AUMARK,6348
792,25,HB20X,HB20X,6352
793,7,125i,125I,6377
794,7,640i,640I,6378
795,71,Celer,CELER,6379
796,43,208,208,6396
797,25,HB20S,HB20S,6434
798,78,T,T,6440
799,19,F12,F12,6463
800,75,X60,X60,6467
801,38,GL-63,GL-63,6468
802,82,VAN,VAN,6469
803,38,G-63,G-63,6491
804,7,335i,335I,6512
805,33,IS-250,IS-250,6537
806,27,F-Type,F-TYPE,6588
807,82,LINK,LINK,6596
808,85,Ghost,GHOST,6597
809,6,S7,S7,6632
810,7,650i,650I,6634
811,38,GL-350,GL-350,6642
812,7,316i,316I,6660
813,7,435iA,435IA,6691
814,25,Grand,GRAND,6694
815,38,CLA-200,CLA-200,6699
816,78,T8,T8,6713
817,80,SY6370,SY6370,6714
818,57,up!,UP!,6715
819,27,XFR-S,XFR-S,6750
820,27,XKR-S,XKR-S,6753
821,6,S,S,6769
822,86,EC7,EC7,6778
823,46,Macan,MACAN,6844
824,6,RS,RS,6865
825,38,CLA-45,CLA-45,6867
826,75,FOISON,FOISON,6871
827,6,RS7,RS7,6883
828,83,Vanquish,VANQUISH,6909
829,21,Ka+,KA+,6918
830,85,Phantom,PHANTOM,6930
831,7,428i,428I,6952
832,63,SUV,SUV,6962
833,38,CLA-250,CLA-250,6966
834,80,X30,X30,6975
835,7,i3,I3,7023
836,7,i8,I8,7025
837,86,GC2,GC2,7031
838,75,530,530,7037
839,38,GLA,GLA,7040
840,7,X4,X4,7065
841,30,QUORIS,QUORIS,7073
842,35,Gran,GRAN,7074
843,7,420i,420I,7083
844,78,T6,T6,7102
845,38,E-400,E-400,7103
846,7,M4,M4,7116
847,7,225i,225I,7129
848,77,HURACAN,HURACAN,7138
849,38,CLS-400,CLS-400,7141
850,24,HR-V,HR-V,7150
851,33,NX-200t,NX-200T,7158
852,28,Renegade,RENEGADE,7186
853,38,SL-400,SL-400,7197
854,43,2008,2008,7201
855,85,Wraith,WRAITH,7209
856,64,K01,K01,7342
857,64,K02,K02,7343
858,64,V21,V21,7344
859,64,V22,V22,7345
860,27,XE,XE,7348
861,30,Grand,GRAND,7351
862,38,GT,GT,7356
863,38,C-450,C-450,7376
864,38,SLK-300,SLK-300,7398
865,38,VITO,VITO,7399
866,7,220iTourer,220ITOURER,7448
867,20,Toro,TORO,7475
868,78,T5,T5,7482
869,38,GLE-350,GLE-350,7484
870,19,488,488,7502
871,38,GLC,GLC,7508
872,38,GLE-400,GLE-400,7510
873,38,GLE-63,GLE-63,7512
874,40,ASX-S,ASX-S,7514
875,46,718,718,7517
876,20,MOBI,MOBI,7538
877,12,Grand,GRAND,7588
878,38,GLS-350,GLS-350,7594
879,7,M2,M2,7611
880,27,F-Pace,F-PACE,7662
881,68,VKN,VKN,7666
882,42,KICKS,KICKS,7669
883,38,SLC-300,SLC-300,7705
884,38,SLC-43,SLC-43,7719
885,7,430i,430I,7728
886,38,GLE-450,GLE-450,7739
887,35,Levante,LEVANTE,7799
888,38,GLC-43,GLC-43,7802
889,42,GT-R,GT-R,7805
890,53,S-CROSS,S-CROSS,7813
891,7,M140i,M140I,7823
892,25,Creta,CRETA,7829
893,38,GLE-43,GLE-43,7838
894,7,M240i,M240I,7857
895,19,458,458,7881
896,47,CAPTUR,CAPTUR,7890
897,38,GLS-500,GLS-500,7896
898,24,WR-V,WR-V,7899
899,7,530i,530I,7918
900,84,MINITRUCK,MINITRUCK,7922
901,20,ARGO,ARGO,7965
902,78,T40,T40,7972
903,38,E-43,E-43,7978
904,47,KWID,KWID,8021
905,12,Jumpy,JUMPY,8077
906,22,EQUINOX,EQUINOX,8080
907,78,V260,V260,8082
908,38,E-300,E-300,8102
909,43,Expert,EXPERT,8105
910,85,Dawn,DAWN,8108
911,38,GLS-63,GLS-63,8130
912,33,NX-300,NX-300,8151
913,19,GTC4,GTC4,8176
914,57,VIRTUS,VIRTUS,8184
915,20,CRONOS,CRONOS,8199
916,38,CLA-180,CLA-180,8215
917,38,S-560L,S-560L,8216
918,32,Discov.,DISCOV.,8241
919,43,5008,5008,8244
920,87,Buggy,BUGGY,8274
921,7,X2,X2,8277
922,27,E-Pace,E-PACE,8284
923,60,TIVOLI,TIVOLI,8295
924,60,XLV,XLV,8297
925,19,812,812,8343
926,88,DAILY,DAILY,8345
927,54,YARIS,YARIS,8358
928,28,Renegade1.8,RENEGADE1.8,8407
929,75,X80,X80,8414
930,78,T50,T50,8477
931,33,NX-300h,NX-300H,8480
932,38,GLC-63,GLC-63,8483
933,30,Stinger,STINGER,8496
934,71,ARRIZO,ARRIZO,8513
935,19,PORTOFINO,PORTOFINO,8517
936,89,540c,540C,8524
937,47,ZOE,ZOE,8528
938,56,S90,S90,8530
939,7,530e,530E,8543
940,77,URUS,URUS,8545
941,38,A,A,8547
942,78,T80,T80,8575
943,33,ES300h,ES300H,8576
944,89,570S,570S,8577
